{"products":[{"id":"0.6596050156848565","qty":2}],"totalPrice":37.75999999999999}